Time,Temperature
1588608175.0262837,66.0
1588608175.0262837,66.0
1588608175.1313663,66.0
1588608175.1313663,66.0
1588608175.241325,66.0
1588608175.241325,66.0
1588608175.3494546,66.0
1588608175.3494546,66.0
1588608175.464317,66.0
1588608175.464317,66.0
1588608175.5689607,66.0
1588608175.5689607,66.0
1588608175.6816351,66.0
1588608175.6816351,66.0
1588608175.7873414,66.0
1588608175.7873414,66.0
1588608175.89589,66.0
1588608175.89589,66.0
1588608176.0064535,66.0
1588608176.0064535,66.0
1588608176.1153479,66.0
1588608176.1153479,66.0
1588608176.2245405,66.0
1588608176.2245405,66.0
1588608176.338606,66.0
1588608176.338606,66.0
1588608176.4445925,66.0
1588608176.4445925,66.0
1588608176.5573437,66.0
1588608176.5573437,66.0
1588608176.6623647,66.0
1588608176.6623647,66.0
1588608176.776866,66.0
1588608176.776866,66.0
1588608176.8803616,66.0
1588608176.8803616,66.0
1588608176.995766,66.0
1588608176.995766,66.0
1588608177.1013567,66.0
1588608177.1013567,66.0
1588608177.214382,66.0
1588608177.214382,66.0
1588608177.3198614,66.0
1588608177.3198614,66.0
1588608177.4273517,66.0
1588608177.4273517,66.0
1588608177.537418,66.0
1588608177.537418,66.0
1588608177.6498396,66.0
1588608177.6498396,66.0
1588608177.7564077,66.0
1588608177.7564077,66.0
1588608177.8668888,66.0
1588608177.8668888,66.0
1588608177.9747255,66.0
1588608177.9747255,66.0
1588608178.0844681,66.0
1588608178.0844681,66.0
1588608178.1943252,66.0
1588608178.1943252,66.0
1588608178.3066337,66.0
1588608178.3066337,66.0
1588608178.4120245,66.0
1588608178.4120245,66.0
1588608178.5220127,66.0
1588608178.5220127,66.0
1588608178.632987,66.0
1588608178.632987,66.0
1588608178.7452989,66.0
1588608178.7452989,66.0
1588608178.8505502,66.0
1588608178.8505502,66.0
1588608178.9621544,66.0
1588608178.9621544,66.0
1588608179.0677648,66.0
1588608179.0677648,66.0
1588608179.1782825,66.0
1588608179.1782825,66.0
1588608179.2883577,66.0
1588608179.2883577,66.0
1588608179.4000692,66.0
1588608179.4000692,66.0
1588608179.5072384,66.0
1588608179.5072384,66.0
1588608179.6167047,66.0
1588608179.6167047,66.0
1588608179.7242558,66.0
1588608179.7242558,66.0
1588608179.835487,66.0
1588608179.835487,66.0
1588608179.9433568,66.0
1588608179.9433568,66.0
1588608180.053307,66.0
1588608180.053307,66.0
1588608180.1614044,66.0
1588608180.1614044,66.0
1588608180.2765272,66.0
1588608180.2765272,66.0
