Time,Temperature
1584348035.6483412,42.0
1584348035.7492445,42.0
1584348035.8574529,43.0
1584348035.9713027,45.0
1584348036.0781906,42.0
1584348036.1847005,43.0
1584348036.3299766,44.0
1584348036.4099016,36.0
1584348036.5148022,47.0
1584348036.6226997,38.0
1584348036.7345943,47.0
1584348036.8424916,50.0
