Time,Temperature
1584348290.2159972,36.0
1584348290.3268929,32.0
1584348290.4367874,36.0
1584348290.5466838,42.0
1584348290.6595762,49.0
1584348290.7704723,49.0
1584348290.874374,49.0
1584348290.9822736,44.0
1584348291.0921676,45.0
1584348291.2020636,34.0
1584348291.3099608,43.0
1584348291.4218562,49.0
