Time,Temperature
1584348049.721281,32.0
1584348049.8261812,48.0
1584348049.9360766,42.0
1584348050.0457134,36.0
1584348050.1536105,47.0
1584348050.2754965,30.0
1584348050.372657,41.0
1584348050.4827821,31.0
1584348050.597674,39.0
