Time,Temperature
1584346822.826058,30.0
1584346822.9829245,33.0
1584346823.0922103,34.0
1584346823.2001088,39.0
1584346823.3120027,38.0
1584346823.4211488,35.0
1584346823.5297153,32.0
1584346823.6381538,43.0
1584346823.7491405,49.0
1584346823.8570383,49.0
1584346823.9677842,35.0
1584346824.0805902,34.0
1584346824.1848836,32.0
1584346824.3866968,45.0
1584346824.4136689,42.0
1584346824.5125747,43.0
1584346824.6234698,32.0
1584346824.7313676,43.0
1584346824.8412635,44.0
1584346824.956154,33.0
