Time,Temperature
1584348042.4510767,32.0
1584348042.5599723,39.0
1584348042.6708667,45.0
1584348042.7837608,50.0
1584348042.8876622,49.0
1584348042.9985573,40.0
1584348043.106455,30.0
1584348043.2173514,31.0
1584348043.3282459,36.0
