Time,Temperature
1584349618.3123658,31.0
1584349618.4202647,48.0
1584349618.5286996,38.0
1584349618.63984,36.0
1584349618.7488675,42.0
1584349618.8569613,36.0
1584349618.9919162,33.0
1584349619.076096,30.0
1584349619.1899884,32.0
1584349619.294373,50.0
1584349619.40327,49.0
1584349619.513167,50.0
1584349619.6230621,45.0
1584349619.7329578,44.0
1584349619.841168,40.0
1584349619.9510634,40.0
1584349620.05996,36.0
1584349620.1708555,49.0
1584349620.2807522,32.0
1584349620.3876495,34.0
