Time,Temperature
1584347323.9203548,33.0
1584347324.0312476,50.0
1584347324.1381454,36.0
1584347324.2470431,45.0
1584347324.3569398,38.0
1584347324.4668345,31.0
1584347324.576479,30.0
1584347324.6860592,49.0
1584347324.8107846,31.0
1584347324.9033527,37.0
1584347325.0165188,30.0
1584347325.1220028,41.0
1584347325.232523,44.0
1584347325.3408618,37.0
1584347325.4502602,36.0
1584347325.5619829,35.0
1584347325.6762304,50.0
1584347325.7825637,45.0
